{
  "title": "Booking resource",
  "description": "Booking resource object",
  "type": "object",
  "properties": {
    "id": {
      "description": "Booking id",
      "type": "integer"
    },
    "first_name": {
      "description": "First name",
      "type": "string",
      "minLength": 1,
      "maxLength": 255
    },
    "last_name": {
      "description": "Last name",
      "type": "string",
      "minLength": 1,
      "maxLength": 255
    },
    "date_of_birth": {
      "description": "Date of birth",
      "type": "Date"
    },
    "Checking_datetime": {
      "description": "Date of birth",
      "type": "Date"
    },
    "checkout_datetime": {
      "description": "Date of birth",
      "type": "Date"
    },
    "total_price": {
      "description": "Total price",
      "type": "Date"
    },
    "deposit": {
      "description": "Deposit",
      "type": "double"
    },
    "address": {
      "description": "Address",
      "type": "Object",
      "properties": {
        "line1": {
          "type": "string"
        },
        "city": {
          "type": "integer"
        },
        "state": {
          "type": "string"
        },
        "zip_code": {
          "type": "long"
        }
        }
    }
  },
  "required": [
    "first_name",
    "last_name"
  ]
}


